{
  "iterations": 100,
  "reload": {
    "mean_ms": 4.965212345123291,
    "p95_ms": 6.9914698600769025
  },
  "preload": {
    "mean_ms": 1.425001621246338,
    "p95_ms": 1.751399040222168
  },
  "gain_percent": 71.30028844293156
}